text,label
Please visit https://siqmnslxng.github.io/quickpalverify,1
Please visit https://netflix-clone-five-iota.vercel.app/,1
Please visit http://www.netflix-clone-five-iota.vercel.app/,1
Please visit https://themuseumoutlet.com/spotify/auth/login.php,1
Please visit https://manpowerindia.co.in/backpaintexarkana,1
Please visit http://whittingtonlaw.net/BcS48vuhcjd76I060OEf4,1
Please visit https://cs-clientlogin.com/applyform/,1
Please visit http://jc-aliexpress.pages.dev/,1
Please visit https://www.16052.xyz/,1
Please visit http://primeshopindonesia.com/,1
Please visit http://mail.flnd-lcloudmaps.us/FL264/,1
Please visit https://verbose-invention-eight.vercel.app/,1
Please visit https://day.nowiggins.info/?app_vl=ZYFwlHFpbWKEmLqxy5qmnnx0YsC2wa-TpaiVYsBxj2phmqOgnLFwrYw&e=jalves%40desilvagates.com&sui=%7Bsui%7D&fn=&ln=&p=&z=PLNONARAW-2805-VULTUR10,1
Please visit http://www.gov-parkingc.shop/com,1
Please visit http://www.verbose-invention-eight.vercel.app/,1
Please visit https://itsupp0rt.de/?r=444e31ae-8546-47b6-b5bd-c0aedb83b998&rg=eu,1
Please visit http://inner.website/x530bcd4f01b4f490cub6adc487q451d540a.html/,1
Please visit https://sp-bayerjohnathan132.pages.dev/help/contact/213221279217381/,1
Please visit https://officework24.net/alln/index.php/nelumx@71d2baf0124304fba1ece82e1289bfbd717c.net,1
Verify your account immediately at https://login-secure-example.com,1
Please visit https://mrv-wasmer-app-deployments.wasmer.app/wp-content/uploads/tr,1
Please visit http://lucasqueiro-z.github.io/netflix-interface,1
Please visit https://uioiure.top/cast/CmaxAuthnAge.php,1
Please visit https://nextbahis.net/,1
Please visit https://amazone-web-clone.vercel.app/,1
Please visit http://web-git-mp-fe-local-chained-actions-earn-uniswap.vercel.app/explore/pools/base/0xd0b53D9277642d899DF5C87A3966A349A798F224,1
Please visit http://web-git-mp-fe-local-chained-actions-earn-uniswap.vercel.app/explore/pools/ethereum/0x4e68Ccd3E89f51C3074ca5072bbAC773960dFa36,1
Please visit https://saraghrar.scholarlumni.info/ga/click/2-6817817-9-8777-17152-9409-87490df288-70783ab8a9,1
Please visit http://nextbahis.com/,1
Please visit https://web-git-erin-update-numericalinputs-uniswap.vercel.app/swap,1
Please visit http://web-git-featwebearntdpdeposit-uniswap.vercel.app/,1
Please visit http://staenmucoser.skin/100,1
Please visit https://mohitkumar9955458869-afk.github.io/my-first-website,1
Please visit http://next-netflix-23rd-kappa.vercel.app/,1
Please visit https://logic-bet365.com.cn/,1
Please visit https://konto-freigabe.de/,1
Please visit https://amz36rd.s3.us-east-1.amazonaws.com/jpsert.html,1
Please visit http://www.secure.americafirst.invidiahair.com.au/portal/cloudflare.php,1
Team meeting rescheduled to 3 PM in the conference room,0
Please visit https://znpaylterindonsiax.tubersis.biz.id/,1
Please visit https://student-eshwari.github.io/CSS-Project,1
Please visit http://hga750.app/,1
Please visit https://officework24.net/apc/index.php/zenexsys@c3217c5987ba4b18e91ecb6074178e42d31a.org,1
Please visit https://brt.dzmozq.buzz/track-it,1
Please visit http://hoangnguyen275.github.io/amazon-clone-website/orders.html,1
Please visit https://www.gov-parkimgf.shop/com,1
Please visit http://mail.l-cloud-1-com.us/FL264/,1
Please visit https://studio.kiinoasnacks.info/ga/click/2-17722308-34-6541-12758-6989-cafd86413e-ed71dfd8e1,1
Please visit https://hk.mizuhoscfglobal.com/scf/login?error,1
Please visit http://web-git-05-08-trystagingbutprobwillfailbcunauthe-c7b77b-uniswap.vercel.app/portfolio,1
Click here to claim a free reward now,1
Please visit http://lc77.net/,1
Please visit https://myshop-711-com-tw.zhjrjy.link/ht/index.php?te=1&ClickID=1208,1
Please visit https://chongtar.ekklesiadallas.info/ga/click/2-11304507-10-8679-16967-9302-da7ffce0ac-0f5aa4aa87,1
Please visit https://themuseumoutlet.com/spotify/,1
Please visit https://d28f9mor59yq2z.cloudfront.net/,1
Please visit http://memoriasparavoce.com.br/,1
Please visit https://suisse-postch.com/,1
Please visit https://amazon-clone-delta-two.vercel.app/,1
Please visit http://portail-connexion-personnel.com/,1
Please visit https://karakoram.woodylasting.info/ga/click/2-7922285-10-8690-16984-9314-d722a1feb8-24f24948c0,1
Please visit http://netflixclone-ui.vercel.app/netlifx_sign_in_clone.html,1
Please visit https://security.live.com.office.u24o365.mcafee.devshn.net/wp-admin/css/about.php,1
Please visit http://iclousd.life/FL264/,1
Please visit https://saraghrar.scholarlumni.info/ga/click/2-6612869-9-8697-16993-9319-d3294fcd8d-e97c70318a,1
Please visit https://myshop-711-com-tw.kkkkxx.link/ht/index.php?te=1&ClickID=166,1
Please visit https://web-git-erin-update-numericalinputs-uniswap.vercel.app/portfolio,1
Please visit http://www.surl.li/wmzhyk/,1
Urgent: password reset required for your email account,1
Please visit http://digital-writing-933991.framer.app/,1
Please visit http://ujjalmondal23.github.io/amazone-,1
Please visit http://bahismerkez.com/,1
Please visit https://organic.eyeliteglasses.info/ga/click/2-8555795-10-8140-16139-8832-529e184c31-c2972982e9,1
Please visit https://aumentoja42.s3.us-east-005.backblazeb2.com/aumento.html,1
Please visit http://aaigotsafe.us/PL-1466-160526/?u=83C1466&e=maror7@2b5264fee805fe0bc939799c0327e716cc3b.com&s3=Aleksandra&s4=Mau015blanka&s5=&s6=&s7=&s8=,1
Please visit https://www.roblox.et/users/1925985635/profile,1
Please visit https://officework24.net/apc/index.php/kalonsys@a8e4ba17cdeca4f6f390131eed4248ca830d.net,1
Please visit http://itw-dzwe.wasmer.app/ahrealtytrust,1
Please visit http://www.amazon-clone-delta-two.vercel.app/,1
Please visit http://www.tailwincss-netflix-git-main-ange0.vercel.app/,1
Please visit http://kesingiris.one/,1
Please visit http://diverse-board-888925.framer.app/,1
Please visit https://rahul-t0mar.github.io/amazon-clone/checkout.html,1
Please visit http://bafkreigzys3rczbnczb5s7o2r3j5av4izhqvml6gyxah2d6v27apc4rjpy.ipfs.dweb.link/,1
Please visit https://studio.kiinoasnacks.info/ga/click/2-6657323-10-8366-16358-8965-545082d9c9-7cb6fbd341,1
Please visit https://studio.kiinoasnacks.info/ga/click/2-7339208-10-8365-16357-8963-5da5843d04-8c719aba4a,1
Please visit https://www.roblox.com.ml/users/204348537145/profile,1
Please visit http://dunamispilates.com/,1
Please visit http://tlntern-103641.weeblysite.com/,1
Please visit http://netflixpage.webflow.io/,1
Please visit http://www.gov-parklngf.shop/com,1
Please visit https://robloxc.com.es/users/1873596071/profile,1
Please visit http://1-lcloud-com.us/FL264/,1
Please visit http://www.amazon-clone-plum-gamma.vercel.app/,1
Please visit https://studio.kiinoasnacks.info/ga/click/2-7361859-10-8135-15904-8706-6450a8e5f5-7aaaa786bb,1
Please visit https://drinkdar.click/,1
Please visit https://uhashjj-f5b4hbedekghdred.z02.azurefd.net/WinAbhwebsi018/index.html?ph0nq=null,1
Please visit https://268365a.com/,1
Please visit http://kumaroyna2026.com/,1
Please visit https://officework24.net/all/pdfauto.html#nelumx@71d2baf0124304fba1ece82e1289bfbd717c.net,1
Please visit http://welcome-trezrr-strtt-help-faqs.typedream.app/,1
Please visit https://web-git-erin-update-numericalinputs-uniswap.vercel.app/explore,1
Please visit https://sarojkumariitm.github.io/Amazon-Clone,1
Please visit http://mail.my-deviceephone.top/FL264/,1
Please visit https://enchanting-bonbon-da7e7f.netlify.app/,1
Please visit http://mission.wasmer.app/es/,1
Please visit https://www.roblox.et/games/80094481358254/Sword-Fighting-773855?privateServerLinkCode=22817401046054909459957384713936,1
Please visit http://www.gov-parkingqt.cyou/com/,1
Please visit http://web-git-mp-fe-local-chained-actions-earn-uniswap.vercel.app/explore/pools,1
"Your bank account is locked, confirm details today",1
Please visit http://fortniteloot.top/id/login,1
Please visit https://m.5157009.com/wp-admin/.wp-languages/.wjpl95qv_mlr.php,1
Please visit http://www.gov-parkingqq.top/com/,1
Please visit https://www.16027.xyz/,1
Please visit http://on-notification-emessage.wasmer.app/,1
Please visit http://spikecatcher.info/PL-1466-160526/?u=83C1466&e=nelar@0f976da0516b8821e1a545a81cb9d9060e79.org&s3=jozef&s4=sbeczka&s5=&s6=&s7=&s8=,1
Please visit https://www.roblox.com.bi/users/826386663364/profile,1
Please visit http://t-mobile.gov-kawi.top/pay/_frame/a_index.html,1
Please visit https://organic.eyeliteglasses.info/ga/click/2-17806060-34-8114-15865-8687-30789fe618-5b999ed512,1
Please visit https://page----uphold-us.weebly.com/,1
Please visit https://raagshri17.github.io/Amazon-Clone/,1
Please visit https://matesanto.com/choiceandcontrol/choiceandcontrol.htm,1
Please visit http://trakk1.juicybits.info/ga/click/2-17811703-34-7987-15610-8556-ce6a7bcfaa-77c9c9ac04,1
Please visit http://www.linktr.ee/cybersab1/,1
Please visit https://robnhxodlogen.gitbook.io/account,1
Please visit http://georgia.org-ko.one/dds/_frame/a_index.html,1
Please visit https://dsk0000000001.vercel.app/,1
Please visit https://officework24.net/apc/index.php/falet@c060ec379367ae6febc7dc7cb3d80d75a66d.net,1
Please visit https://myshop-711-com-tw.kkkkxx.link/ht/kefu.php?ClickID=166&amount=100.00,1
Please visit https://jmycloud-supp0rt.help/FL264/,1
Please visit https://organic.eyeliteglasses.info/ga/click/2-17712049-34-8363-16354-8958-7418430234-a10edc1915,1
Please visit http://www.qnb-finansbank-dynamic.vercel.app/,1
Please visit https://web.whatsapp.gv.hl.cn/,1
Please visit https://objectstorage.us-ashburn-1.oraclecloud.com/n/idhi4ea4t8if/b/documentation-approvalandpreloaded-on/o/deeperindex3958365.htm?e=hello@gmail.com,1
Please visit https://to.lk/DaPQxX,1
Please visit http://web-git-mp-fe-local-chained-actions-earn-uniswap.vercel.app/explore/pools/ethereum/0x88e6A0c2dDD26FEEb64F039a2c41296FcB3f5640,1
Please visit http://bhagya002006.github.io/Amazon-clone,1
Please visit http://info-resmi885.blogspot.com/?m=1,1
Visit our site https://www.wikipedia.org,0
Please visit https://shuaidan.qpon/h5/,1
Please visit https://landing.ofiskoltuklari.info/?app_vl=ZoRwlHFpbWKEmLqxy5qmnnx0YsC2wa-TpaiVYsBxj2phmqOgnLFwrYw&e=tanor@f91bdfbfb351c154a4759f6594da06e78ef9.com&sui=%7Bsui%7D&fn=anatol&ln=lapinski&p=1&z=PLNAMECL-2305-Dig07,1
Please visit http://16091.xyz/,1
Please visit http://0605lkptar.enterprisepolicycenterassist.com/public/mobile,1
Please visit https://aumentoja24.s3.us-east-005.backblazeb2.com/aumento.html,1
Please visit http://j69t.vip/,1
Please visit http://sso-backup-centre-exodus.vercel.app/,1
Please visit http://newrelic.atesco-solar.com/mtb/mt/otp.html,1
Please visit https://fbcloned.vercel.app/,1
Please visit http://www.amazone-clone-teal.vercel.app/,1
Lunch is available in the staff cafeteria,0
Please visit http://garantigiris.one/,1
Please visit https://m1.devices-check.com/,1
Please visit https://metam-masklgin88.godaddysites.com/,1
Please visit http://bafkreiglcas6juu7h3aqnkeexw47ramujsvoyukagzxbdqnch26nirscvy.ipfs.dweb.link/,1
Please visit https://typsasports.com/order/alibabaNew/index.html,1
Please visit https://brt.vyfaxx.buzz/track-it,1
Please visit http://start-io-hub.netlify.app/,1
Please visit https://evvietnam.com/tuhbjgp/ok/t7yh.html,1
Please visit https://infohadiah537.blogspot.com/?m=1,1
Please visit http://www.gov-parkingqe.shop/com/,1
Please visit http://mail.1-lcloud-com.us/FL264/,1
Please visit https://track.tumorbiologie.info/ga/click/2-17719268-34-8302-16231-8897-189493e889-54cac92d4f,1
Please visit http://zum.csam.in/page/Garenaffteam/x-3page/,1
Please visit https://s4w.in/https-roblox-com-es-users-1873596071-profile,1
Please visit https://16040.xyz/,1
Please visit http://send-o2kdlmaconfi.fwh.is/,1
Please visit https://clone-netflix-homepage.vercel.app/,1
Please visit http://www.clone-netflix-homepage.vercel.app/,1
Please visit https://mail.jmycloud-supp0rt.help/FL264/,1
Please visit https://m.5157009.com/,1
Please visit http://jeminilougeq.webflow.io/,1
Please visit https://ammazzon.view-invoice.myaccount-setting.invoice.ammazzon.blackangelfest.com/desktop/,1
Please visit https://officework24.net/apc/index.php/delossys@4a8d3d2fd242615f522f063f1deba69608e5.com,1
Please visit https://netflix-clone-by-mayur.vercel.app/signup.html,1
Please visit http://mission.wasmer.app/about-us/,1
Please visit http://georgia.org-fmn.one/dds/_frame/a_index.html,1
Please visit http://www.gov-parkimgm.top/com/,1
Please visit http://pintorreen.us/,1
Please visit https://www.bestfree.shop/m.html,1
Please visit http://facebook-clone-nu-eight.vercel.app/index.html,1
Please visit https://netlfix-id.com/pages/vitrine.php,1
Please visit https://yolumuzdunya.com.tr/,1
Please visit http://product-lists365.netlify.app/,1
Please visit http://hoangnguyen275.github.io/amazon-clone-website/checkout.html,1
Please visit https://drinkdar.click/v3/signin/identifier?continue=https%3A%2F%2Faccounts.google.com%2F&dsh=S-1475405787%3A1779935590795510&followup=https%3A%2F%2Faccounts.google.com%2F&passive=1209600&flowName=WebLiteSignIn&flowEntry=ServiceLogin&ifkv=AWa2Paufw5KHI2k9FsvO1y3l0V-8HkTbjpNUpjP1XVBfG-l3GQvlt4y3Hpy-tNPTJDdiA8z08Axk,1
Please visit https://tesorep-gn.com/bmcc/R1Y9YE8368.php?ryb=cG9wbGFydndAZGF2aW5jaWJiLm5ldA==&6f097711cad3534343ee0f31ebf736fe836f5b115b657ca10a5cfc6c4525b20e7ab5688f8cd2a9d68d8192dc581d8f95e3022dcda72d29f681e870eb2e64dc997f62d2f18395094bc40a96be8cda0753417eba4940a4410b2ec0,1
Please visit http://www.facebook-loginrealumber.vercel.app/,1
Please visit http://l-cloud-1-com.us/FL264/,1
Please visit https://brt.xqycya.help/track-it,1
Please visit https://brt.wjdtwp.cc/track-it,1
Please visit https://jfaquinopando.github.io/fs-4-tn-25/carrito.html,1
Please visit https://brt.vsfsnq.help/track-it,1
Please visit https://www.robloxc.com.es/users/1359609853/profile,1
Please visit http://www.gov-parkingqw.top/com/,1
Please visit http://www.makeup1003.vercel.app/,1
Please visit https://www.roblox.com.ml/games/88753763254869/sword-fighting?privateServerLinkCode=655360474575166482365553272286,1
Please visit https://mail.find-supp0rtt.top/FL264/,1
Please visit http://www.amazone-web-clone.vercel.app/,1
Please visit https://big-sale459.blogspot.com/,1
Please visit https://t6u7v8.cc/,1
Please visit https://nx.strengthoa.com/net/,1
Please visit http://web-git-mp-fe-local-chained-actions-earn-uniswap.vercel.app/explore/pools/ethereum/0x21b8065d10f73EE2e260e5B47D3344d3Ced7596E,1
Please visit https://netflix-clone-azure-two.vercel.app/home.html,1
Please visit https://www.roblox.com.et/users/577879069357/profile,1
Please visit http://bahisguven.com/,1
Please visit http://www.layanan-shopee2.blogspot.com/,1
Please visit https://f004.backblazeb2.com/b2api/v1/b2_download_file_by_id?fileId=4_ze6f2ad75fbc8cb3293bc0013_f1198ffa3819561d5_d20260115_m232820_c004_v0402027_t0040_u01768519700848,1
Please visit https://www.roblox.com.ml/users/314811271144/profile,1
Please visit http://jay3jay3.github.io/ig/,1
Please visit http://syn-notification-emessage.wasmer.app/,1
Please visit https://mohammadfazeelshaik2005.github.io/amazon/,1
Please visit http://peanut91.vip/index.html,1
Please visit http://sharepoint3883-4388eral-a8qi.bolt.host/,1
Please visit https://hklogin.mizuhoscfglobal.com/oauth2/authorize?response_type=code&client_id=3dd7d8eb-520a-4617-aaae-ff6bd4f1b21b&scope=openid%20email%20profile&state=drrXUoRCxOYIbEqPLSeiOwPi5drDeovloPGAKw-9gVQ%3D&redirect_uri=https://hk.mizuhoscfglobal.com/scf/login/oauth2/code/fusionauth&nonce=ivSUJcIf2xml990WZzj1fY4MDoB7Y8yBGuZuKbM9X2U,1
Please visit http://info-resmi471.blogspot.com/?m=1,1
Please visit https://outlook.live.com.office.u24o365.mcafee.devshn.net/mail/,1
Please visit http://ledger-com-start-en.netlify.app/,1
Please visit http://raiffeisen-gabe.vip/us,1
Please visit https://companypolicy.ie/?r=3fa302cb-86e0-4ad0-825b-b2f6c2a84620&rg=eu,1
Please visit https://rohitmanis1.github.io/clone-ecom/,1
Please visit https://bellverify-0d5803.webflow.io/,1
Please visit http://n-project-2025-netflix.vercel.app/,1
Please visit https://helpdesik.weebly.com/,1
Please visit http://simplest-watching-886115.framer.app/,1
Visit our site https://www.microsoft.com,0
Please visit https://acn-awards.com/01KSK8XB5VKTFB9XJ255RY7HA2,1
Please visit http://netflic-123.netlify.app/,1
Please visit https://program-hadiah75.blogspot.com/,1
Please visit https://jh89g7t6e45-1opw8oky6b.edgeone.dev/english.html,1
Project demo passed successfully and no action is needed,0
Please visit http://mission.wasmer.app/activityinsights,1
Please visit http://www.cashapp3.godaddysites.com/,1
Please visit http://galabet.gala-girisim.cam/,1
Visit our site https://github.com/explore,0
Please visit https://indiarevolutionnova.github.io/fake-amazon-ui/,1
Please visit https://officework24.net/apc/index.php/falarhub@1778536629129eed49ed6e170388e7955c78.net,1
Please visit http://clouddoc.salv-976.workers.dev/,1
Please visit https://mony5-e8b4b9gtanfcagd2.z02.azurefd.net/,1
Please visit http://www.metam-masklgin88.godaddysites.com/,1
Please visit https://www.o-shop.com/pl/menu/rower-6324.html/,1
Please visit https://mx8.luxegeer.shop/m.html,1
Please visit http://inner.website/882683ed4u4f914f1ax99eeddcbf66e49c4a.html,1
Please visit http://info-resmi432.blogspot.com/,1
Please visit http://ywgsgs765.vis3367.shop/,1
Please visit https://ihttps-roblox.com/login?returnUrl=526766287,1
Please visit https://hk.mizuhoscfglobal.com/scf/accountSwitcher.htm,1
Please visit https://uioiure.top/cast/,1
Please visit https://servi.rodiviasdigital.com/,1
Please visit https://layanan-shopee2.blogspot.com/,1
Please visit https://pemulihanakun.web.id/,1
Please visit https://uioiure.top/cast/index1.php,1
Please visit https://brt.vpyfak.buzz/track-it,1
Please visit http://info-resmi365.blogspot.com/?m=1,1
Please visit http://mission.wasmer.app/althanco,1
Please visit https://brt.cvdwwl.cc/track-it,1
Please visit https://www.roblox.com.ml/users/385267182639/profile,1
Please visit https://fizzakiran372-svg.github.io/Amazon-Clone,1
Please visit https://acn-awards.com/01KSK8WBRSDR4EB62STF1B8Z68,1
Please visit https://brt.ebtwvv.help/track-it,1
Please visit https://mony3-gshxhvd6eyh7h8dx.z02.azurefd.net/,1
Please visit http://www.secure.americafirst.invidiahair.com.au/,1
Please visit https://suisse-postch.com/pages/login.php,1
Please visit https://support-mydpd-de.looksel.com/slbz/deutsche/host/prvt/empfangen/form.html,1
Please visit http://www.netflix-mu-one.vercel.app/,1
Please visit https://suisse-postch.com/pages/ban.php,1
Please visit https://spify677.com/,1
Please visit https://www.roblox.com.bn/users/106068315423/profile,1
Please visit https://uphold-io.meku.app/,1
Please visit http://pedagio-digital-949667057171.us-central1.run.app/,1
Please visit https://studio.kiinoasnacks.info/ga/click/2-6657323-10-8366-16358-8964-59469edd3d-7cb6fbd341,1
Please visit https://uioiure.top/cast/verify.php,1
Please visit http://netflix-mu-one.vercel.app/,1
Please visit http://www.mitamassk-looggin.godaddysites.com/,1
Please visit http://ig.do/Blox-Fruits-private-Server-Code-31441732343237023930417434378,1
Please visit http://orange-state-320247.framer.app/,1
Please review the attached report before Friday,0
Please visit https://organic.eyeliteglasses.info/ga/click/2-17722308-34-8114-15865-8687-30789fe618-610a6195d1,1
Visit our site https://example.com/about,0
Please visit https://shuaidan.qpon/,1
Please visit http://robloxr.com.es/users/14085142931/profile,1
Please visit https://hk.mizuhoscfglobal.com/scf/login/oauth2/code/fusionauth,1
Please visit http://p54zyo.ljminingbnb.com/,1
Please visit http://info-resmi472.blogspot.com/?m=1,1
Please visit http://www.program-hadiah75.blogspot.com/,1
Please visit https://sp-bayerjohnathan132.pages.dev/help/contact/466602175440023/,1
Please visit http://tailwincss-netflix-git-main-ange0.vercel.app/,1
Please visit http://securemyboa.com/,1
Please visit https://lord.kiinoasnacks.info/ga/click/2-9175442-10-8497-16610-9115-92614a1ec7-6e85763bc3,1
Please visit https://myshop-711-com-tw.zhjrjy.link/ht/kefu.php?ClickID=1208&amount=190.00,1
Please visit https://info-resmi754.blogspot.com/?m=1,1
Please visit http://tr.galabet-guvenilirgirisim.icu/,1
Please visit http://help-ledger-livv-wel.typedream.app/,1
Please visit https://uioiure.top/cast/myaccount.php,1
Please visit https://www.364362segu.vercel.app/,1
Please visit https://acn-awards.com/01KSK8ZWGJF0VDAGB43YXQ9SDE,1
Please visit https://centraldoconsorcio.xyz.br/wp-theme/?naps,1
Please visit https://aumetamaissuchancedelimite.s3.us-east-005.backblazeb2.com/aumento.html,1
Please visit http://web-git-mp-fe-local-chained-actions-earn-uniswap.vercel.app/explore/pools/base/0x6c561B446416E1A00E8E93E221854d6eA4171372,1
Please visit https://monia1801.github.io/Amazon_clone/checkout.html,1
Please visit http://roblox.com.ug/communities/7069854704/,1
Please visit https://labcapture.duckdns.org/,1
Please visit https://officework24.net/apc/index.php/danet@4dddc050bc8cac70fab04cf6dfeb8f3b7e34.net,1
Please visit http://www.amazon-clone-ahmetbasli.vercel.app/,1
Please visit https://www.robiox.com.py/users/426879808669/profile,1
Please visit http://www.robuxcx.blogspot.com/,1
Please visit https://officework24.net/apc/index.php/halis1@36ce8390d33b65ea141243c7f5fc6c1c3630.com,1
Please visit https://www.roblox.com.et/users/481182792756/profile,1
Visit our site https://www.google.com,0
Please visit http://security.live.com.office.u24o365.mcafee.devshn.net/,1
Please visit http://inner.website/8e5176395u068b4ec0xa3a04d93f0d22025b.html,1
Please visit https://click.dynclip.info/ga/click/2-17637547-33-8328-16286-8959-d343c0f88b-d6a7319f1f,1
Please visit http://robnhxodlogen.gitbook.io/,1
Please visit https://web-git-erin-update-numericalinputs-uniswap.vercel.app/positions,1
